﻿pos_x,pos_y,rotation,side,designator,mpn,pack,value,mount_type,place
12.867552,-39.799388,0.0,top,C1,,C_0402_1005Metric,100nF,smt,True
84.867552,-21.799388,0.0,top,C1,,C_0402_1005Metric,100nF,smt,True
84.867552,-57.799388,0.0,top,C1,,C_0402_1005Metric,100nF,smt,True
12.867552,-21.799388,0.0,top,C1,,C_0402_1005Metric,100nF,smt,True
66.867552,-39.799388,0.0,top,C1,,C_0402_1005Metric,100nF,smt,True
12.867552,-57.799388,0.0,top,C1,,C_0402_1005Metric,100nF,smt,True
84.867552,-39.799388,0.0,top,C1,,C_0402_1005Metric,100nF,smt,True
30.867552,-39.799388,0.0,top,C1,,C_0402_1005Metric,100nF,smt,True
48.867552,-75.799388,0.0,top,C1,,C_0402_1005Metric,100nF,smt,True
48.867552,-93.799388,0.0,top,C1,,C_0402_1005Metric,100nF,smt,True
84.867552,-93.799388,0.0,top,C1,,C_0402_1005Metric,100nF,smt,True
66.867552,-21.799388,0.0,top,C1,,C_0402_1005Metric,100nF,smt,True
30.867552,-57.799388,0.0,top,C1,,C_0402_1005Metric,100nF,smt,True
84.867552,-75.799388,0.0,top,C1,,C_0402_1005Metric,100nF,smt,True
30.867552,-93.799388,0.0,top,C1,,C_0402_1005Metric,100nF,smt,True
30.867552,-75.799388,0.0,top,C1,,C_0402_1005Metric,100nF,smt,True
12.867552,-93.799388,0.0,top,C1,,C_0402_1005Metric,100nF,smt,True
66.867552,-75.799388,0.0,top,C1,,C_0402_1005Metric,100nF,smt,True
30.867552,-21.799388,0.0,top,C1,,C_0402_1005Metric,100nF,smt,True
66.867552,-93.799388,0.0,top,C1,,C_0402_1005Metric,100nF,smt,True
48.867552,-57.799388,0.0,top,C1,,C_0402_1005Metric,100nF,smt,True
66.867552,-57.799388,0.0,top,C1,,C_0402_1005Metric,100nF,smt,True
48.867552,-39.799388,0.0,top,C1,,C_0402_1005Metric,100nF,smt,True
48.867552,-21.799388,0.0,top,C1,,C_0402_1005Metric,100nF,smt,True
12.867552,-75.799388,0.0,top,C1,,C_0402_1005Metric,100nF,smt,True
8.197552,-48.999388,90.0,top,C2,,C_0402_1005Metric,100nF,smt,True
62.197552,-84.999388,90.0,top,C2,,C_0402_1005Metric,100nF,smt,True
62.197552,-12.999388,90.0,top,C2,,C_0402_1005Metric,100nF,smt,True
8.197552,-84.999388,90.0,top,C2,,C_0402_1005Metric,100nF,smt,True
80.197552,-12.999388,90.0,top,C2,,C_0402_1005Metric,100nF,smt,True
26.197552,-66.999388,90.0,top,C2,,C_0402_1005Metric,100nF,smt,True
8.197552,-30.999388,90.0,top,C2,,C_0402_1005Metric,100nF,smt,True
80.197552,-30.999388,90.0,top,C2,,C_0402_1005Metric,100nF,smt,True
80.197552,-66.999388,90.0,top,C2,,C_0402_1005Metric,100nF,smt,True
26.197552,-84.999388,90.0,top,C2,,C_0402_1005Metric,100nF,smt,True
80.197552,-48.999388,90.0,top,C2,,C_0402_1005Metric,100nF,smt,True
44.197552,-84.999388,90.0,top,C2,,C_0402_1005Metric,100nF,smt,True
62.197552,-48.999388,90.0,top,C2,,C_0402_1005Metric,100nF,smt,True
8.197552,-12.999388,90.0,top,C2,,C_0402_1005Metric,100nF,smt,True
44.197552,-30.999388,90.0,top,C2,,C_0402_1005Metric,100nF,smt,True
26.197552,-12.999388,90.0,top,C2,,C_0402_1005Metric,100nF,smt,True
62.197552,-66.999388,90.0,top,C2,,C_0402_1005Metric,100nF,smt,True
80.197552,-84.999388,90.0,top,C2,,C_0402_1005Metric,100nF,smt,True
44.197552,-48.999388,90.0,top,C2,,C_0402_1005Metric,100nF,smt,True
26.197552,-30.999388,90.0,top,C2,,C_0402_1005Metric,100nF,smt,True
44.197552,-66.999388,90.0,top,C2,,C_0402_1005Metric,100nF,smt,True
8.197552,-66.999388,90.0,top,C2,,C_0402_1005Metric,100nF,smt,True
26.197552,-48.999388,90.0,top,C2,,C_0402_1005Metric,100nF,smt,True
62.197552,-30.999388,90.0,top,C2,,C_0402_1005Metric,100nF,smt,True
44.197552,-12.999388,90.0,top,C2,,C_0402_1005Metric,100nF,smt,True
66.847552,-28.399388,180.0,top,C3,,C_0402_1005Metric,22pF,smt,True
84.847552,-64.399388,180.0,top,C3,,C_0402_1005Metric,22pF,smt,True
12.847552,-28.399388,180.0,top,C3,,C_0402_1005Metric,22pF,smt,True
48.847552,-28.399388,180.0,top,C3,,C_0402_1005Metric,22pF,smt,True
66.847552,-10.399388,180.0,top,C3,,C_0402_1005Metric,22pF,smt,True
12.847552,-82.399388,180.0,top,C3,,C_0402_1005Metric,22pF,smt,True
30.847552,-10.399388,180.0,top,C3,,C_0402_1005Metric,22pF,smt,True
84.847552,-10.399388,180.0,top,C3,,C_0402_1005Metric,22pF,smt,True
66.847552,-64.399388,180.0,top,C3,,C_0402_1005Metric,22pF,smt,True
12.847552,-46.399388,180.0,top,C3,,C_0402_1005Metric,22pF,smt,True
84.847552,-82.399388,180.0,top,C3,,C_0402_1005Metric,22pF,smt,True
12.847552,-10.399388,180.0,top,C3,,C_0402_1005Metric,22pF,smt,True
12.847552,-64.399388,180.0,top,C3,,C_0402_1005Metric,22pF,smt,True
66.847552,-82.399388,180.0,top,C3,,C_0402_1005Metric,22pF,smt,True
30.847552,-28.399388,180.0,top,C3,,C_0402_1005Metric,22pF,smt,True
48.847552,-82.399388,180.0,top,C3,,C_0402_1005Metric,22pF,smt,True
66.847552,-46.399388,180.0,top,C3,,C_0402_1005Metric,22pF,smt,True
48.847552,-64.399388,180.0,top,C3,,C_0402_1005Metric,22pF,smt,True
48.847552,-46.399388,180.0,top,C3,,C_0402_1005Metric,22pF,smt,True
30.847552,-82.399388,180.0,top,C3,,C_0402_1005Metric,22pF,smt,True
30.847552,-64.399388,180.0,top,C3,,C_0402_1005Metric,22pF,smt,True
48.847552,-10.399388,180.0,top,C3,,C_0402_1005Metric,22pF,smt,True
84.847552,-28.399388,180.0,top,C3,,C_0402_1005Metric,22pF,smt,True
30.847552,-46.399388,180.0,top,C3,,C_0402_1005Metric,22pF,smt,True
84.847552,-46.399388,180.0,top,C3,,C_0402_1005Metric,22pF,smt,True
12.847552,-8.199388,0.0,top,C4,,C_0402_1005Metric,100nF,smt,True
84.847552,-44.199388,0.0,top,C4,,C_0402_1005Metric,100nF,smt,True
84.847552,-8.199388,0.0,top,C4,,C_0402_1005Metric,100nF,smt,True
48.847552,-8.199388,0.0,top,C4,,C_0402_1005Metric,100nF,smt,True
48.847552,-80.199388,0.0,top,C4,,C_0402_1005Metric,100nF,smt,True
84.847552,-80.199388,0.0,top,C4,,C_0402_1005Metric,100nF,smt,True
66.847552,-44.199388,0.0,top,C4,,C_0402_1005Metric,100nF,smt,True
84.847552,-26.199388,0.0,top,C4,,C_0402_1005Metric,100nF,smt,True
30.847552,-44.199388,0.0,top,C4,,C_0402_1005Metric,100nF,smt,True
66.847552,-80.199388,0.0,top,C4,,C_0402_1005Metric,100nF,smt,True
66.847552,-62.199388,0.0,top,C4,,C_0402_1005Metric,100nF,smt,True
12.847552,-44.199388,0.0,top,C4,,C_0402_1005Metric,100nF,smt,True
12.847552,-80.199388,0.0,top,C4,,C_0402_1005Metric,100nF,smt,True
30.847552,-8.199388,0.0,top,C4,,C_0402_1005Metric,100nF,smt,True
66.847552,-26.199388,0.0,top,C4,,C_0402_1005Metric,100nF,smt,True
48.847552,-26.199388,0.0,top,C4,,C_0402_1005Metric,100nF,smt,True
30.847552,-26.199388,0.0,top,C4,,C_0402_1005Metric,100nF,smt,True
48.847552,-44.199388,0.0,top,C4,,C_0402_1005Metric,100nF,smt,True
30.847552,-62.199388,0.0,top,C4,,C_0402_1005Metric,100nF,smt,True
12.847552,-62.199388,0.0,top,C4,,C_0402_1005Metric,100nF,smt,True
12.847552,-26.199388,0.0,top,C4,,C_0402_1005Metric,100nF,smt,True
66.847552,-8.199388,0.0,top,C4,,C_0402_1005Metric,100nF,smt,True
30.847552,-80.199388,0.0,top,C4,,C_0402_1005Metric,100nF,smt,True
84.847552,-62.199388,0.0,top,C4,,C_0402_1005Metric,100nF,smt,True
48.847552,-62.199388,0.0,top,C4,,C_0402_1005Metric,100nF,smt,True
53.147552,-82.399388,0.0,top,C5,,C_0402_1005Metric,22pF,smt,True
89.147552,-28.399388,0.0,top,C5,,C_0402_1005Metric,22pF,smt,True
17.147552,-46.399388,0.0,top,C5,,C_0402_1005Metric,22pF,smt,True
71.147552,-10.399388,0.0,top,C5,,C_0402_1005Metric,22pF,smt,True
53.147552,-64.399388,0.0,top,C5,,C_0402_1005Metric,22pF,smt,True
71.147552,-46.399388,0.0,top,C5,,C_0402_1005Metric,22pF,smt,True
89.147552,-10.399388,0.0,top,C5,,C_0402_1005Metric,22pF,smt,True
35.147552,-64.399388,0.0,top,C5,,C_0402_1005Metric,22pF,smt,True
35.147552,-10.399388,0.0,top,C5,,C_0402_1005Metric,22pF,smt,True
35.147552,-82.399388,0.0,top,C5,,C_0402_1005Metric,22pF,smt,True
17.147552,-10.399388,0.0,top,C5,,C_0402_1005Metric,22pF,smt,True
35.147552,-28.399388,0.0,top,C5,,C_0402_1005Metric,22pF,smt,True
17.147552,-82.399388,0.0,top,C5,,C_0402_1005Metric,22pF,smt,True
53.147552,-46.399388,0.0,top,C5,,C_0402_1005Metric,22pF,smt,True
71.147552,-82.399388,0.0,top,C5,,C_0402_1005Metric,22pF,smt,True
35.147552,-46.399388,0.0,top,C5,,C_0402_1005Metric,22pF,smt,True
71.147552,-28.399388,0.0,top,C5,,C_0402_1005Metric,22pF,smt,True
71.147552,-64.399388,0.0,top,C5,,C_0402_1005Metric,22pF,smt,True
53.147552,-28.399388,0.0,top,C5,,C_0402_1005Metric,22pF,smt,True
89.147552,-82.399388,0.0,top,C5,,C_0402_1005Metric,22pF,smt,True
53.147552,-10.399388,0.0,top,C5,,C_0402_1005Metric,22pF,smt,True
17.147552,-28.399388,0.0,top,C5,,C_0402_1005Metric,22pF,smt,True
89.147552,-46.399388,0.0,top,C5,,C_0402_1005Metric,22pF,smt,True
17.147552,-64.399388,0.0,top,C5,,C_0402_1005Metric,22pF,smt,True
89.147552,-64.399388,0.0,top,C5,,C_0402_1005Metric,22pF,smt,True
32.997552,-76.199388,0.0,top,J1,,PinHeader_1x01_P1.00mm_Vertical,PIN_SCL,tht,True
50.997552,-94.199388,0.0,top,J1,,PinHeader_1x01_P1.00mm_Vertical,PIN_SCL,tht,True
68.997552,-58.199388,0.0,top,J1,,PinHeader_1x01_P1.00mm_Vertical,PIN_SCL,tht,True
68.997552,-76.199388,0.0,top,J1,,PinHeader_1x01_P1.00mm_Vertical,PIN_SCL,tht,True
68.997552,-22.199388,0.0,top,J1,,PinHeader_1x01_P1.00mm_Vertical,PIN_SCL,tht,True
14.997552,-58.199388,0.0,top,J1,,PinHeader_1x01_P1.00mm_Vertical,PIN_SCL,tht,True
86.997552,-40.199388,0.0,top,J1,,PinHeader_1x01_P1.00mm_Vertical,PIN_SCL,tht,True
50.997552,-40.199388,0.0,top,J1,,PinHeader_1x01_P1.00mm_Vertical,PIN_SCL,tht,True
68.997552,-94.199388,0.0,top,J1,,PinHeader_1x01_P1.00mm_Vertical,PIN_SCL,tht,True
50.997552,-22.199388,0.0,top,J1,,PinHeader_1x01_P1.00mm_Vertical,PIN_SCL,tht,True
32.997552,-94.199388,0.0,top,J1,,PinHeader_1x01_P1.00mm_Vertical,PIN_SCL,tht,True
86.997552,-76.199388,0.0,top,J1,,PinHeader_1x01_P1.00mm_Vertical,PIN_SCL,tht,True
14.997552,-76.199388,0.0,top,J1,,PinHeader_1x01_P1.00mm_Vertical,PIN_SCL,tht,True
50.997552,-58.199388,0.0,top,J1,,PinHeader_1x01_P1.00mm_Vertical,PIN_SCL,tht,True
14.997552,-40.199388,0.0,top,J1,,PinHeader_1x01_P1.00mm_Vertical,PIN_SCL,tht,True
32.997552,-22.199388,0.0,top,J1,,PinHeader_1x01_P1.00mm_Vertical,PIN_SCL,tht,True
86.997552,-94.199388,0.0,top,J1,,PinHeader_1x01_P1.00mm_Vertical,PIN_SCL,tht,True
50.997552,-76.199388,0.0,top,J1,,PinHeader_1x01_P1.00mm_Vertical,PIN_SCL,tht,True
14.997552,-94.199388,0.0,top,J1,,PinHeader_1x01_P1.00mm_Vertical,PIN_SCL,tht,True
86.997552,-22.199388,0.0,top,J1,,PinHeader_1x01_P1.00mm_Vertical,PIN_SCL,tht,True
14.997552,-22.199388,0.0,top,J1,,PinHeader_1x01_P1.00mm_Vertical,PIN_SCL,tht,True
32.997552,-40.199388,0.0,top,J1,,PinHeader_1x01_P1.00mm_Vertical,PIN_SCL,tht,True
86.997552,-58.199388,0.0,top,J1,,PinHeader_1x01_P1.00mm_Vertical,PIN_SCL,tht,True
68.997552,-40.199388,0.0,top,J1,,PinHeader_1x01_P1.00mm_Vertical,PIN_SCL,tht,True
32.997552,-58.199388,0.0,top,J1,,PinHeader_1x01_P1.00mm_Vertical,PIN_SCL,tht,True
68.997552,-43.799388,0.0,top,J2,,PinHeader_1x01_P1.00mm_Vertical,PIN_SDA,tht,True
14.997552,-43.799388,0.0,top,J2,,PinHeader_1x01_P1.00mm_Vertical,PIN_SDA,tht,True
86.997552,-79.799388,0.0,top,J2,,PinHeader_1x01_P1.00mm_Vertical,PIN_SDA,tht,True
14.997552,-7.799388,0.0,top,J2,,PinHeader_1x01_P1.00mm_Vertical,PIN_SDA,tht,True
50.997552,-79.799388,0.0,top,J2,,PinHeader_1x01_P1.00mm_Vertical,PIN_SDA,tht,True
50.997552,-25.799388,0.0,top,J2,,PinHeader_1x01_P1.00mm_Vertical,PIN_SDA,tht,True
32.997552,-25.799388,0.0,top,J2,,PinHeader_1x01_P1.00mm_Vertical,PIN_SDA,tht,True
14.997552,-25.799388,0.0,top,J2,,PinHeader_1x01_P1.00mm_Vertical,PIN_SDA,tht,True
86.997552,-43.799388,0.0,top,J2,,PinHeader_1x01_P1.00mm_Vertical,PIN_SDA,tht,True
86.997552,-61.799388,0.0,top,J2,,PinHeader_1x01_P1.00mm_Vertical,PIN_SDA,tht,True
32.997552,-43.799388,0.0,top,J2,,PinHeader_1x01_P1.00mm_Vertical,PIN_SDA,tht,True
68.997552,-61.799388,0.0,top,J2,,PinHeader_1x01_P1.00mm_Vertical,PIN_SDA,tht,True
14.997552,-79.799388,0.0,top,J2,,PinHeader_1x01_P1.00mm_Vertical,PIN_SDA,tht,True
68.997552,-25.799388,0.0,top,J2,,PinHeader_1x01_P1.00mm_Vertical,PIN_SDA,tht,True
86.997552,-7.799388,0.0,top,J2,,PinHeader_1x01_P1.00mm_Vertical,PIN_SDA,tht,True
14.997552,-61.799388,0.0,top,J2,,PinHeader_1x01_P1.00mm_Vertical,PIN_SDA,tht,True
50.997552,-7.799388,0.0,top,J2,,PinHeader_1x01_P1.00mm_Vertical,PIN_SDA,tht,True
32.997552,-7.799388,0.0,top,J2,,PinHeader_1x01_P1.00mm_Vertical,PIN_SDA,tht,True
50.997552,-43.799388,0.0,top,J2,,PinHeader_1x01_P1.00mm_Vertical,PIN_SDA,tht,True
86.997552,-25.799388,0.0,top,J2,,PinHeader_1x01_P1.00mm_Vertical,PIN_SDA,tht,True
32.997552,-79.799388,0.0,top,J2,,PinHeader_1x01_P1.00mm_Vertical,PIN_SDA,tht,True
68.997552,-79.799388,0.0,top,J2,,PinHeader_1x01_P1.00mm_Vertical,PIN_SDA,tht,True
68.997552,-7.799388,0.0,top,J2,,PinHeader_1x01_P1.00mm_Vertical,PIN_SDA,tht,True
50.997552,-61.799388,0.0,top,J2,,PinHeader_1x01_P1.00mm_Vertical,PIN_SDA,tht,True
32.997552,-61.799388,0.0,top,J2,,PinHeader_1x01_P1.00mm_Vertical,PIN_SDA,tht,True
25.797552,-68.999388,0.0,top,J3,,PinHeader_1x01_P1.00mm_Vertical,PIN_3V3,tht,True
43.797552,-32.999388,0.0,top,J3,,PinHeader_1x01_P1.00mm_Vertical,PIN_3V3,tht,True
25.797552,-50.999388,0.0,top,J3,,PinHeader_1x01_P1.00mm_Vertical,PIN_3V3,tht,True
7.797552,-68.999388,0.0,top,J3,,PinHeader_1x01_P1.00mm_Vertical,PIN_3V3,tht,True
79.797552,-14.999388,0.0,top,J3,,PinHeader_1x01_P1.00mm_Vertical,PIN_3V3,tht,True
79.797552,-32.999388,0.0,top,J3,,PinHeader_1x01_P1.00mm_Vertical,PIN_3V3,tht,True
43.797552,-68.999388,0.0,top,J3,,PinHeader_1x01_P1.00mm_Vertical,PIN_3V3,tht,True
61.797552,-14.999388,0.0,top,J3,,PinHeader_1x01_P1.00mm_Vertical,PIN_3V3,tht,True
61.797552,-32.999388,0.0,top,J3,,PinHeader_1x01_P1.00mm_Vertical,PIN_3V3,tht,True
43.797552,-14.999388,0.0,top,J3,,PinHeader_1x01_P1.00mm_Vertical,PIN_3V3,tht,True
43.797552,-86.999388,0.0,top,J3,,PinHeader_1x01_P1.00mm_Vertical,PIN_3V3,tht,True
61.797552,-50.999388,0.0,top,J3,,PinHeader_1x01_P1.00mm_Vertical,PIN_3V3,tht,True
25.797552,-86.999388,0.0,top,J3,,PinHeader_1x01_P1.00mm_Vertical,PIN_3V3,tht,True
25.797552,-32.999388,0.0,top,J3,,PinHeader_1x01_P1.00mm_Vertical,PIN_3V3,tht,True
79.797552,-68.999388,0.0,top,J3,,PinHeader_1x01_P1.00mm_Vertical,PIN_3V3,tht,True
7.797552,-50.999388,0.0,top,J3,,PinHeader_1x01_P1.00mm_Vertical,PIN_3V3,tht,True
43.797552,-50.999388,0.0,top,J3,,PinHeader_1x01_P1.00mm_Vertical,PIN_3V3,tht,True
7.797552,-14.999388,0.0,top,J3,,PinHeader_1x01_P1.00mm_Vertical,PIN_3V3,tht,True
61.797552,-68.999388,0.0,top,J3,,PinHeader_1x01_P1.00mm_Vertical,PIN_3V3,tht,True
79.797552,-86.999388,0.0,top,J3,,PinHeader_1x01_P1.00mm_Vertical,PIN_3V3,tht,True
7.797552,-86.999388,0.0,top,J3,,PinHeader_1x01_P1.00mm_Vertical,PIN_3V3,tht,True
61.797552,-86.999388,0.0,top,J3,,PinHeader_1x01_P1.00mm_Vertical,PIN_3V3,tht,True
79.797552,-50.999388,0.0,top,J3,,PinHeader_1x01_P1.00mm_Vertical,PIN_3V3,tht,True
25.797552,-14.999388,0.0,top,J3,,PinHeader_1x01_P1.00mm_Vertical,PIN_3V3,tht,True
7.797552,-32.999388,0.0,top,J3,,PinHeader_1x01_P1.00mm_Vertical,PIN_3V3,tht,True
58.197552,-50.999388,0.0,top,J4,,PinHeader_1x01_P1.00mm_Vertical,PIN_GND,tht,True
22.197552,-32.999388,0.0,top,J4,,PinHeader_1x01_P1.00mm_Vertical,PIN_GND,tht,True
22.197552,-86.999388,0.0,top,J4,,PinHeader_1x01_P1.00mm_Vertical,PIN_GND,tht,True
76.197552,-14.999388,0.0,top,J4,,PinHeader_1x01_P1.00mm_Vertical,PIN_GND,tht,True
76.197552,-32.999388,0.0,top,J4,,PinHeader_1x01_P1.00mm_Vertical,PIN_GND,tht,True
40.197552,-32.999388,0.0,top,J4,,PinHeader_1x01_P1.00mm_Vertical,PIN_GND,tht,True
40.197552,-50.999388,0.0,top,J4,,PinHeader_1x01_P1.00mm_Vertical,PIN_GND,tht,True
94.197552,-50.999388,0.0,top,J4,,PinHeader_1x01_P1.00mm_Vertical,PIN_GND,tht,True
94.197552,-14.999388,0.0,top,J4,,PinHeader_1x01_P1.00mm_Vertical,PIN_GND,tht,True
40.197552,-86.999388,0.0,top,J4,,PinHeader_1x01_P1.00mm_Vertical,PIN_GND,tht,True
22.197552,-14.999388,0.0,top,J4,,PinHeader_1x01_P1.00mm_Vertical,PIN_GND,tht,True
94.197552,-86.999388,0.0,top,J4,,PinHeader_1x01_P1.00mm_Vertical,PIN_GND,tht,True
22.197552,-68.999388,0.0,top,J4,,PinHeader_1x01_P1.00mm_Vertical,PIN_GND,tht,True
94.197552,-32.999388,0.0,top,J4,,PinHeader_1x01_P1.00mm_Vertical,PIN_GND,tht,True
76.197552,-50.999388,0.0,top,J4,,PinHeader_1x01_P1.00mm_Vertical,PIN_GND,tht,True
58.197552,-14.999388,0.0,top,J4,,PinHeader_1x01_P1.00mm_Vertical,PIN_GND,tht,True
40.197552,-68.999388,0.0,top,J4,,PinHeader_1x01_P1.00mm_Vertical,PIN_GND,tht,True
76.197552,-68.999388,0.0,top,J4,,PinHeader_1x01_P1.00mm_Vertical,PIN_GND,tht,True
76.197552,-86.999388,0.0,top,J4,,PinHeader_1x01_P1.00mm_Vertical,PIN_GND,tht,True
94.197552,-68.999388,0.0,top,J4,,PinHeader_1x01_P1.00mm_Vertical,PIN_GND,tht,True
58.197552,-68.999388,0.0,top,J4,,PinHeader_1x01_P1.00mm_Vertical,PIN_GND,tht,True
58.197552,-86.999388,0.0,top,J4,,PinHeader_1x01_P1.00mm_Vertical,PIN_GND,tht,True
22.197552,-50.999388,0.0,top,J4,,PinHeader_1x01_P1.00mm_Vertical,PIN_GND,tht,True
40.197552,-14.999388,0.0,top,J4,,PinHeader_1x01_P1.00mm_Vertical,PIN_GND,tht,True
58.197552,-32.999388,0.0,top,J4,,PinHeader_1x01_P1.00mm_Vertical,PIN_GND,tht,True
35.147552,-75.799388,0.0,top,R1,,R_0402_1005Metric,2.2k,smt,True
17.147552,-75.799388,0.0,top,R1,,R_0402_1005Metric,2.2k,smt,True
53.147552,-93.799388,0.0,top,R1,,R_0402_1005Metric,2.2k,smt,True
71.147552,-93.799388,0.0,top,R1,,R_0402_1005Metric,2.2k,smt,True
53.147552,-39.799388,0.0,top,R1,,R_0402_1005Metric,2.2k,smt,True
71.147552,-75.799388,0.0,top,R1,,R_0402_1005Metric,2.2k,smt,True
35.147552,-93.799388,0.0,top,R1,,R_0402_1005Metric,2.2k,smt,True
17.147552,-93.799388,0.0,top,R1,,R_0402_1005Metric,2.2k,smt,True
71.147552,-21.799388,0.0,top,R1,,R_0402_1005Metric,2.2k,smt,True
35.147552,-57.799388,0.0,top,R1,,R_0402_1005Metric,2.2k,smt,True
53.147552,-57.799388,0.0,top,R1,,R_0402_1005Metric,2.2k,smt,True
53.147552,-75.799388,0.0,top,R1,,R_0402_1005Metric,2.2k,smt,True
89.147552,-39.799388,0.0,top,R1,,R_0402_1005Metric,2.2k,smt,True
17.147552,-21.799388,0.0,top,R1,,R_0402_1005Metric,2.2k,smt,True
89.147552,-75.799388,0.0,top,R1,,R_0402_1005Metric,2.2k,smt,True
35.147552,-39.799388,0.0,top,R1,,R_0402_1005Metric,2.2k,smt,True
71.147552,-57.799388,0.0,top,R1,,R_0402_1005Metric,2.2k,smt,True
17.147552,-57.799388,0.0,top,R1,,R_0402_1005Metric,2.2k,smt,True
89.147552,-57.799388,0.0,top,R1,,R_0402_1005Metric,2.2k,smt,True
71.147552,-39.799388,0.0,top,R1,,R_0402_1005Metric,2.2k,smt,True
17.147552,-39.799388,0.0,top,R1,,R_0402_1005Metric,2.2k,smt,True
35.147552,-21.799388,0.0,top,R1,,R_0402_1005Metric,2.2k,smt,True
89.147552,-93.799388,0.0,top,R1,,R_0402_1005Metric,2.2k,smt,True
89.147552,-21.799388,0.0,top,R1,,R_0402_1005Metric,2.2k,smt,True
53.147552,-21.799388,0.0,top,R1,,R_0402_1005Metric,2.2k,smt,True
39.797552,-16.999388,-90.0,top,R2,,R_0402_1005Metric,2.2k,smt,True
21.797552,-16.999388,-90.0,top,R2,,R_0402_1005Metric,2.2k,smt,True
93.797552,-88.999388,-90.0,top,R2,,R_0402_1005Metric,2.2k,smt,True
39.797552,-52.999388,-90.0,top,R2,,R_0402_1005Metric,2.2k,smt,True
39.797552,-70.999388,-90.0,top,R2,,R_0402_1005Metric,2.2k,smt,True
57.797552,-88.999388,-90.0,top,R2,,R_0402_1005Metric,2.2k,smt,True
21.797552,-70.999388,-90.0,top,R2,,R_0402_1005Metric,2.2k,smt,True
75.797552,-34.999388,-90.0,top,R2,,R_0402_1005Metric,2.2k,smt,True
57.797552,-34.999388,-90.0,top,R2,,R_0402_1005Metric,2.2k,smt,True
39.797552,-34.999388,-90.0,top,R2,,R_0402_1005Metric,2.2k,smt,True
57.797552,-70.999388,-90.0,top,R2,,R_0402_1005Metric,2.2k,smt,True
93.797552,-34.999388,-90.0,top,R2,,R_0402_1005Metric,2.2k,smt,True
21.797552,-88.999388,-90.0,top,R2,,R_0402_1005Metric,2.2k,smt,True
21.797552,-34.999388,-90.0,top,R2,,R_0402_1005Metric,2.2k,smt,True
21.797552,-52.999388,-90.0,top,R2,,R_0402_1005Metric,2.2k,smt,True
93.797552,-52.999388,-90.0,top,R2,,R_0402_1005Metric,2.2k,smt,True
75.797552,-88.999388,-90.0,top,R2,,R_0402_1005Metric,2.2k,smt,True
75.797552,-70.999388,-90.0,top,R2,,R_0402_1005Metric,2.2k,smt,True
57.797552,-16.999388,-90.0,top,R2,,R_0402_1005Metric,2.2k,smt,True
75.797552,-16.999388,-90.0,top,R2,,R_0402_1005Metric,2.2k,smt,True
39.797552,-88.999388,-90.0,top,R2,,R_0402_1005Metric,2.2k,smt,True
75.797552,-52.999388,-90.0,top,R2,,R_0402_1005Metric,2.2k,smt,True
93.797552,-16.999388,-90.0,top,R2,,R_0402_1005Metric,2.2k,smt,True
93.797552,-70.999388,-90.0,top,R2,,R_0402_1005Metric,2.2k,smt,True
57.797552,-52.999388,-90.0,top,R2,,R_0402_1005Metric,2.2k,smt,True
57.797552,-30.999388,90.0,top,R3,,R_0402_1005Metric,2.2k,smt,True
75.797552,-48.999388,90.0,top,R3,,R_0402_1005Metric,2.2k,smt,True
57.797552,-12.999388,90.0,top,R3,,R_0402_1005Metric,2.2k,smt,True
39.797552,-12.999388,90.0,top,R3,,R_0402_1005Metric,2.2k,smt,True
93.797552,-48.999388,90.0,top,R3,,R_0402_1005Metric,2.2k,smt,True
93.797552,-30.999388,90.0,top,R3,,R_0402_1005Metric,2.2k,smt,True
39.797552,-30.999388,90.0,top,R3,,R_0402_1005Metric,2.2k,smt,True
39.797552,-48.999388,90.0,top,R3,,R_0402_1005Metric,2.2k,smt,True
75.797552,-12.999388,90.0,top,R3,,R_0402_1005Metric,2.2k,smt,True
21.797552,-66.999388,90.0,top,R3,,R_0402_1005Metric,2.2k,smt,True
93.797552,-84.999388,90.0,top,R3,,R_0402_1005Metric,2.2k,smt,True
21.797552,-12.999388,90.0,top,R3,,R_0402_1005Metric,2.2k,smt,True
21.797552,-48.999388,90.0,top,R3,,R_0402_1005Metric,2.2k,smt,True
39.797552,-66.999388,90.0,top,R3,,R_0402_1005Metric,2.2k,smt,True
75.797552,-84.999388,90.0,top,R3,,R_0402_1005Metric,2.2k,smt,True
57.797552,-48.999388,90.0,top,R3,,R_0402_1005Metric,2.2k,smt,True
39.797552,-84.999388,90.0,top,R3,,R_0402_1005Metric,2.2k,smt,True
21.797552,-30.999388,90.0,top,R3,,R_0402_1005Metric,2.2k,smt,True
75.797552,-30.999388,90.0,top,R3,,R_0402_1005Metric,2.2k,smt,True
57.797552,-84.999388,90.0,top,R3,,R_0402_1005Metric,2.2k,smt,True
21.797552,-84.999388,90.0,top,R3,,R_0402_1005Metric,2.2k,smt,True
93.797552,-66.999388,90.0,top,R3,,R_0402_1005Metric,2.2k,smt,True
75.797552,-66.999388,90.0,top,R3,,R_0402_1005Metric,2.2k,smt,True
57.797552,-66.999388,90.0,top,R3,,R_0402_1005Metric,2.2k,smt,True
93.797552,-12.999388,90.0,top,R3,,R_0402_1005Metric,2.2k,smt,True
26.197552,-88.999388,90.0,top,R4,,R_0402_1005Metric,10k,smt,True
26.197552,-34.999388,90.0,top,R4,,R_0402_1005Metric,10k,smt,True
8.197552,-88.999388,90.0,top,R4,,R_0402_1005Metric,10k,smt,True
62.197552,-34.999388,90.0,top,R4,,R_0402_1005Metric,10k,smt,True
44.197552,-88.999388,90.0,top,R4,,R_0402_1005Metric,10k,smt,True
62.197552,-70.999388,90.0,top,R4,,R_0402_1005Metric,10k,smt,True
80.197552,-70.999388,90.0,top,R4,,R_0402_1005Metric,10k,smt,True
62.197552,-16.999388,90.0,top,R4,,R_0402_1005Metric,10k,smt,True
8.197552,-70.999388,90.0,top,R4,,R_0402_1005Metric,10k,smt,True
8.197552,-34.999388,90.0,top,R4,,R_0402_1005Metric,10k,smt,True
44.197552,-16.999388,90.0,top,R4,,R_0402_1005Metric,10k,smt,True
80.197552,-34.999388,90.0,top,R4,,R_0402_1005Metric,10k,smt,True
80.197552,-88.999388,90.0,top,R4,,R_0402_1005Metric,10k,smt,True
8.197552,-16.999388,90.0,top,R4,,R_0402_1005Metric,10k,smt,True
62.197552,-88.999388,90.0,top,R4,,R_0402_1005Metric,10k,smt,True
26.197552,-52.999388,90.0,top,R4,,R_0402_1005Metric,10k,smt,True
8.197552,-52.999388,90.0,top,R4,,R_0402_1005Metric,10k,smt,True
80.197552,-52.999388,90.0,top,R4,,R_0402_1005Metric,10k,smt,True
80.197552,-16.999388,90.0,top,R4,,R_0402_1005Metric,10k,smt,True
44.197552,-52.999388,90.0,top,R4,,R_0402_1005Metric,10k,smt,True
62.197552,-52.999388,90.0,top,R4,,R_0402_1005Metric,10k,smt,True
44.197552,-70.999388,90.0,top,R4,,R_0402_1005Metric,10k,smt,True
26.197552,-16.999388,90.0,top,R4,,R_0402_1005Metric,10k,smt,True
44.197552,-34.999388,90.0,top,R4,,R_0402_1005Metric,10k,smt,True
26.197552,-70.999388,90.0,top,R4,,R_0402_1005Metric,10k,smt,True
53.147552,-44.199388,180.0,top,R5,,R_0402_1005Metric,2.2k,smt,True
71.147552,-62.199388,180.0,top,R5,,R_0402_1005Metric,2.2k,smt,True
53.147552,-80.199388,180.0,top,R5,,R_0402_1005Metric,2.2k,smt,True
89.147552,-26.199388,180.0,top,R5,,R_0402_1005Metric,2.2k,smt,True
71.147552,-44.199388,180.0,top,R5,,R_0402_1005Metric,2.2k,smt,True
35.147552,-44.199388,180.0,top,R5,,R_0402_1005Metric,2.2k,smt,True
53.147552,-26.199388,180.0,top,R5,,R_0402_1005Metric,2.2k,smt,True
35.147552,-26.199388,180.0,top,R5,,R_0402_1005Metric,2.2k,smt,True
17.147552,-44.199388,180.0,top,R5,,R_0402_1005Metric,2.2k,smt,True
17.147552,-26.199388,180.0,top,R5,,R_0402_1005Metric,2.2k,smt,True
35.147552,-80.199388,180.0,top,R5,,R_0402_1005Metric,2.2k,smt,True
71.147552,-26.199388,180.0,top,R5,,R_0402_1005Metric,2.2k,smt,True
35.147552,-62.199388,180.0,top,R5,,R_0402_1005Metric,2.2k,smt,True
71.147552,-8.199388,180.0,top,R5,,R_0402_1005Metric,2.2k,smt,True
35.147552,-8.199388,180.0,top,R5,,R_0402_1005Metric,2.2k,smt,True
89.147552,-80.199388,180.0,top,R5,,R_0402_1005Metric,2.2k,smt,True
53.147552,-8.199388,180.0,top,R5,,R_0402_1005Metric,2.2k,smt,True
17.147552,-62.199388,180.0,top,R5,,R_0402_1005Metric,2.2k,smt,True
53.147552,-62.199388,180.0,top,R5,,R_0402_1005Metric,2.2k,smt,True
71.147552,-80.199388,180.0,top,R5,,R_0402_1005Metric,2.2k,smt,True
89.147552,-62.199388,180.0,top,R5,,R_0402_1005Metric,2.2k,smt,True
17.147552,-8.199388,180.0,top,R5,,R_0402_1005Metric,2.2k,smt,True
89.147552,-44.199388,180.0,top,R5,,R_0402_1005Metric,2.2k,smt,True
17.147552,-80.199388,180.0,top,R5,,R_0402_1005Metric,2.2k,smt,True
89.147552,-8.199388,180.0,top,R5,,R_0402_1005Metric,2.2k,smt,True
32.997552,-68.999388,0.0,top,U1,,LGA-28_5.2x3.8mm_P0.5mm,~,smt,True
50.997552,-50.999388,0.0,top,U1,,LGA-28_5.2x3.8mm_P0.5mm,~,smt,True
14.997552,-14.999388,0.0,top,U1,,LGA-28_5.2x3.8mm_P0.5mm,~,smt,True
86.997552,-14.999388,0.0,top,U1,,LGA-28_5.2x3.8mm_P0.5mm,~,smt,True
32.997552,-32.999388,0.0,top,U1,,LGA-28_5.2x3.8mm_P0.5mm,~,smt,True
86.997552,-68.999388,0.0,top,U1,,LGA-28_5.2x3.8mm_P0.5mm,~,smt,True
86.997552,-86.999388,0.0,top,U1,,LGA-28_5.2x3.8mm_P0.5mm,~,smt,True
50.997552,-14.999388,0.0,top,U1,,LGA-28_5.2x3.8mm_P0.5mm,~,smt,True
32.997552,-50.999388,0.0,top,U1,,LGA-28_5.2x3.8mm_P0.5mm,~,smt,True
68.997552,-50.999388,0.0,top,U1,,LGA-28_5.2x3.8mm_P0.5mm,~,smt,True
50.997552,-32.999388,0.0,top,U1,,LGA-28_5.2x3.8mm_P0.5mm,~,smt,True
14.997552,-68.999388,0.0,top,U1,,LGA-28_5.2x3.8mm_P0.5mm,~,smt,True
68.997552,-86.999388,0.0,top,U1,,LGA-28_5.2x3.8mm_P0.5mm,~,smt,True
68.997552,-68.999388,0.0,top,U1,,LGA-28_5.2x3.8mm_P0.5mm,~,smt,True
86.997552,-32.999388,0.0,top,U1,,LGA-28_5.2x3.8mm_P0.5mm,~,smt,True
32.997552,-14.999388,0.0,top,U1,,LGA-28_5.2x3.8mm_P0.5mm,~,smt,True
14.997552,-32.999388,0.0,top,U1,,LGA-28_5.2x3.8mm_P0.5mm,~,smt,True
50.997552,-86.999388,0.0,top,U1,,LGA-28_5.2x3.8mm_P0.5mm,~,smt,True
14.997552,-50.999388,0.0,top,U1,,LGA-28_5.2x3.8mm_P0.5mm,~,smt,True
14.997552,-86.999388,0.0,top,U1,,LGA-28_5.2x3.8mm_P0.5mm,~,smt,True
50.997552,-68.999388,0.0,top,U1,,LGA-28_5.2x3.8mm_P0.5mm,~,smt,True
86.997552,-50.999388,0.0,top,U1,,LGA-28_5.2x3.8mm_P0.5mm,~,smt,True
32.997552,-86.999388,0.0,top,U1,,LGA-28_5.2x3.8mm_P0.5mm,~,smt,True
68.997552,-32.999388,0.0,top,U1,,LGA-28_5.2x3.8mm_P0.5mm,~,smt,True
68.997552,-14.999388,0.0,top,U1,,LGA-28_5.2x3.8mm_P0.5mm,~,smt,True
86.997552,-64.849388,0.0,top,Y1,,Crystal_SMD_MicroCrystal_CM9V-T1A-2Pin_1.6x1.0mm,32.768kHz,smt,True
68.997552,-64.849388,0.0,top,Y1,,Crystal_SMD_MicroCrystal_CM9V-T1A-2Pin_1.6x1.0mm,32.768kHz,smt,True
32.997552,-64.849388,0.0,top,Y1,,Crystal_SMD_MicroCrystal_CM9V-T1A-2Pin_1.6x1.0mm,32.768kHz,smt,True
50.997552,-82.849388,0.0,top,Y1,,Crystal_SMD_MicroCrystal_CM9V-T1A-2Pin_1.6x1.0mm,32.768kHz,smt,True
32.997552,-10.849388,0.0,top,Y1,,Crystal_SMD_MicroCrystal_CM9V-T1A-2Pin_1.6x1.0mm,32.768kHz,smt,True
86.997552,-10.849388,0.0,top,Y1,,Crystal_SMD_MicroCrystal_CM9V-T1A-2Pin_1.6x1.0mm,32.768kHz,smt,True
14.997552,-28.849388,0.0,top,Y1,,Crystal_SMD_MicroCrystal_CM9V-T1A-2Pin_1.6x1.0mm,32.768kHz,smt,True
32.997552,-28.849388,0.0,top,Y1,,Crystal_SMD_MicroCrystal_CM9V-T1A-2Pin_1.6x1.0mm,32.768kHz,smt,True
14.997552,-46.849388,0.0,top,Y1,,Crystal_SMD_MicroCrystal_CM9V-T1A-2Pin_1.6x1.0mm,32.768kHz,smt,True
50.997552,-46.849388,0.0,top,Y1,,Crystal_SMD_MicroCrystal_CM9V-T1A-2Pin_1.6x1.0mm,32.768kHz,smt,True
68.997552,-46.849388,0.0,top,Y1,,Crystal_SMD_MicroCrystal_CM9V-T1A-2Pin_1.6x1.0mm,32.768kHz,smt,True
50.997552,-10.849388,0.0,top,Y1,,Crystal_SMD_MicroCrystal_CM9V-T1A-2Pin_1.6x1.0mm,32.768kHz,smt,True
68.997552,-82.849388,0.0,top,Y1,,Crystal_SMD_MicroCrystal_CM9V-T1A-2Pin_1.6x1.0mm,32.768kHz,smt,True
68.997552,-28.849388,0.0,top,Y1,,Crystal_SMD_MicroCrystal_CM9V-T1A-2Pin_1.6x1.0mm,32.768kHz,smt,True
86.997552,-28.849388,0.0,top,Y1,,Crystal_SMD_MicroCrystal_CM9V-T1A-2Pin_1.6x1.0mm,32.768kHz,smt,True
14.997552,-10.849388,0.0,top,Y1,,Crystal_SMD_MicroCrystal_CM9V-T1A-2Pin_1.6x1.0mm,32.768kHz,smt,True
68.997552,-10.849388,0.0,top,Y1,,Crystal_SMD_MicroCrystal_CM9V-T1A-2Pin_1.6x1.0mm,32.768kHz,smt,True
86.997552,-46.849388,0.0,top,Y1,,Crystal_SMD_MicroCrystal_CM9V-T1A-2Pin_1.6x1.0mm,32.768kHz,smt,True
32.997552,-82.849388,0.0,top,Y1,,Crystal_SMD_MicroCrystal_CM9V-T1A-2Pin_1.6x1.0mm,32.768kHz,smt,True
50.997552,-28.849388,0.0,top,Y1,,Crystal_SMD_MicroCrystal_CM9V-T1A-2Pin_1.6x1.0mm,32.768kHz,smt,True
14.997552,-64.849388,0.0,top,Y1,,Crystal_SMD_MicroCrystal_CM9V-T1A-2Pin_1.6x1.0mm,32.768kHz,smt,True
86.997552,-82.849388,0.0,top,Y1,,Crystal_SMD_MicroCrystal_CM9V-T1A-2Pin_1.6x1.0mm,32.768kHz,smt,True
32.997552,-46.849388,0.0,top,Y1,,Crystal_SMD_MicroCrystal_CM9V-T1A-2Pin_1.6x1.0mm,32.768kHz,smt,True
50.997552,-64.849388,0.0,top,Y1,,Crystal_SMD_MicroCrystal_CM9V-T1A-2Pin_1.6x1.0mm,32.768kHz,smt,True
14.997552,-82.849388,0.0,top,Y1,,Crystal_SMD_MicroCrystal_CM9V-T1A-2Pin_1.6x1.0mm,32.768kHz,smt,True
