﻿designator,quantity,value,pack,mpn,mount_type
"C1, C1, C1, C1, C1, C1, C1, C1, C1, C1, C1, C1, C1, C1, C1, C1, C1, C1, C1, C1, C1, C1, C1, C1, C1, C2, C2, C2, C2, C2, C2, C2, C2, C2, C2, C2, C2, C2, C2, C2, C2, C2, C2, C2, C2, C2, C2, C2, C2, C2, C4, C4, C4, C4, C4, C4, C4, C4, C4, C4, C4, C4, C4, C4, C4, C4, C4, C4, C4, C4, C4, C4, C4, C4, C4",75,100nF,C_0402_1005Metric,,smt
"C3, C3, C3, C3, C3, C3, C3, C3, C3, C3, C3, C3, C3, C3, C3, C3, C3, C3, C3, C3, C3, C3, C3, C3, C3, C5, C5, C5, C5, C5, C5, C5, C5, C5, C5, C5, C5, C5, C5, C5, C5, C5, C5, C5, C5, C5, C5, C5, C5, C5",50,22pF,C_0402_1005Metric,,smt
"J1, J1, J1, J1, J1, J1, J1, J1, J1, J1, J1, J1, J1, J1, J1, J1, J1, J1, J1, J1, J1, J1, J1, J1, J1",25,PIN_SCL,PinHeader_1x01_P1.00mm_Vertical,,tht
"J2, J2, J2, J2, J2, J2, J2, J2, J2, J2, J2, J2, J2, J2, J2, J2, J2, J2, J2, J2, J2, J2, J2, J2, J2",25,PIN_SDA,PinHeader_1x01_P1.00mm_Vertical,,tht
"J3, J3, J3, J3, J3, J3, J3, J3, J3, J3, J3, J3, J3, J3, J3, J3, J3, J3, J3, J3, J3, J3, J3, J3, J3",25,PIN_3V3,PinHeader_1x01_P1.00mm_Vertical,,tht
"J4, J4, J4, J4, J4, J4, J4, J4, J4, J4, J4, J4, J4, J4, J4, J4, J4, J4, J4, J4, J4, J4, J4, J4, J4",25,PIN_GND,PinHeader_1x01_P1.00mm_Vertical,,tht
"R1, R1, R1, R1, R1, R1, R1, R1, R1, R1, R1, R1, R1, R1, R1, R1, R1, R1, R1, R1, R1, R1, R1, R1, R1, R2, R2, R2, R2, R2, R2, R2, R2, R2, R2, R2, R2, R2, R2, R2, R2, R2, R2, R2, R2, R2, R2, R2, R2, R2, R3, R3, R3, R3, R3, R3, R3, R3, R3, R3, R3, R3, R3, R3, R3, R3, R3, R3, R3, R3, R3, R3, R3, R3, R3, R5, R5, R5, R5, R5, R5, R5, R5, R5, R5, R5, R5, R5, R5, R5, R5, R5, R5, R5, R5, R5, R5, R5, R5, R5",100,2.2k,R_0402_1005Metric,,smt
"R4, R4, R4, R4, R4, R4, R4, R4, R4, R4, R4, R4, R4, R4, R4, R4, R4, R4, R4, R4, R4, R4, R4, R4, R4",25,10k,R_0402_1005Metric,,smt
"U1, U1, U1, U1, U1, U1, U1, U1, U1, U1, U1, U1, U1, U1, U1, U1, U1, U1, U1, U1, U1, U1, U1, U1, U1",25,~,LGA-28_5.2x3.8mm_P0.5mm,,smt
"Y1, Y1, Y1, Y1, Y1, Y1, Y1, Y1, Y1, Y1, Y1, Y1, Y1, Y1, Y1, Y1, Y1, Y1, Y1, Y1, Y1, Y1, Y1, Y1, Y1",25,32.768kHz,Crystal_SMD_MicroCrystal_CM9V-T1A-2Pin_1.6x1.0mm,,smt
